{
  "name": "reLed",
  "version": "3.0.0",
  "description": "ESP32 library for easy control of one or more LEDs: on / off, flash series, blinking. Switch blinking modes with simple commands. Indication of the device status using one LED (as in car alarms and printers).",
  "keywords": "led, blink",
  "authors":
  [
    {
      "name": "Alexander Razzhivin",
      "email": "kotyara12@yandex.ru",
      "url": "https://kotyara12.ru"
    }
  ],
  "license": "MIT",
  "homepage": "https://kotyara12.ru/pubs/iot/led32/",
  "frameworks": ["arduino", "espidf"],
  "platforms": ["espressif32"]
}