{
  "name": "reWiFi",
  "version": "2.9.0",
  "description": "A library for connecting to a WiFi hotspot using only the ESP-IDF framework. Can also be used under Arduino instead of the standard WiFi.h library",
  "keywords": "wifi",
  "authors":
  [
    {
      "name": "Alexander Razzhivin",
      "email": "kotyara12@yandex.ru",
      "url": "https://kotyara12.ru"
    }
  ],
  "license": "MIT",
  "frameworks": ["arduino", "espidf"],
  "platforms": ["espressif32"],
  "dependencies": {"kotyara12/rLog" : "^1.2.0"}
}